sample_id,file_type,files
sample_1092_PAM41667,fastq,/home/grocamora/RytenLab-Research/37-UTRome_pipeline/References/seqkit-subsample/seqkit_subsample_p1.0/subsample_sample_1092_PAM41667.fastq.gz
sample_1131_PAM44580,fastq,/home/grocamora/RytenLab-Research/37-UTRome_pipeline/References/seqkit-subsample/seqkit_subsample_p1.0/subsample_sample_1131_PAM44580.fastq.gz
sample_1163_PAM44604,fastq,/home/grocamora/RytenLab-Research/37-UTRome_pipeline/References/seqkit-subsample/seqkit_subsample_p1.0/subsample_sample_1163_PAM44604.fastq.gz
sample_1186_PAM43869,fastq,/home/grocamora/RytenLab-Research/37-UTRome_pipeline/References/seqkit-subsample/seqkit_subsample_p1.0/subsample_sample_1186_PAM43869.fastq.gz
sample_1218_PAM43779,fastq,/home/grocamora/RytenLab-Research/37-UTRome_pipeline/References/seqkit-subsample/seqkit_subsample_p1.0/subsample_sample_1218_PAM43779.fastq.gz
sample_1271_PAM44815,fastq,/home/grocamora/RytenLab-Research/37-UTRome_pipeline/References/seqkit-subsample/seqkit_subsample_p1.0/subsample_sample_1271_PAM44815.fastq.gz
sample_1291_PAG71816,fastq,/home/grocamora/RytenLab-Research/37-UTRome_pipeline/References/seqkit-subsample/seqkit_subsample_p1.0/subsample_sample_1291_PAG71816.fastq.gz
sample_1304_PAM44487,fastq,/home/grocamora/RytenLab-Research/37-UTRome_pipeline/References/seqkit-subsample/seqkit_subsample_p1.0/subsample_sample_1304_PAM44487.fastq.gz
sample_5292_PAG75292,fastq,/home/grocamora/RytenLab-Research/37-UTRome_pipeline/References/seqkit-subsample/seqkit_subsample_p1.0/subsample_sample_5292_PAG75292.fastq.gz
sample_5295_PAG77944,fastq,/home/grocamora/RytenLab-Research/37-UTRome_pipeline/References/seqkit-subsample/seqkit_subsample_p1.0/subsample_sample_5295_PAG77944.fastq.gz
sample_5356_PAM42933,fastq,/home/grocamora/RytenLab-Research/37-UTRome_pipeline/References/seqkit-subsample/seqkit_subsample_p1.0/subsample_sample_5356_PAM42933.fastq.gz
sample_579_PAG75663,fastq,/home/grocamora/RytenLab-Research/37-UTRome_pipeline/References/seqkit-subsample/seqkit_subsample_p1.0/subsample_sample_579_PAG75663.fastq.gz
